{
	"credit": "goolash",
	"texture_size": [32, 32],
	"textures": {
		"0": "items/k2c.png"
	},
	"elements": [
		{
			"name": "main frame",
			"from": [8, 4, 4],
			"to": [9, 6, 15],
			"rotation": {"angle": 0, "axis": "y", "origin": [16, 12, 12]},
			"faces": {
				"north": {"uv": [5.5, 4, 6, 5], "texture": "#0"},
				"east": {"uv": [0, 0, 5.5, 1], "texture": "#0"},
				"south": {"uv": [7.5, 3.5, 8, 4.5], "texture": "#0"},
				"west": {"uv": [0, 1, 5.5, 2], "texture": "#0"},
				"up": {"uv": [1.5, 8.5, 1, 3], "texture": "#0"},
				"down": {"uv": [2, 3, 1.5, 8.5], "texture": "#0"}
			}
		},
		{
			"name": "gas tube",
			"from": [8.25, 5.25, 0],
			"to": [8.75, 5.75, 5],
			"rotation": {"angle": 0, "axis": "y", "origin": [16, 13, 8]},
			"faces": {
				"north": {"uv": [6, 4.5, 6.5, 5], "texture": "#0"},
				"east": {"uv": [3, 4, 5.5, 4.5], "texture": "#0"},
				"south": {"uv": [8, 4, 8.5, 4.5], "texture": "#0"},
				"west": {"uv": [3, 4.5, 5.5, 5], "texture": "#0"},
				"up": {"uv": [3.5, 7.5, 3, 5], "texture": "#0"},
				"down": {"uv": [4, 5, 3.5, 7.5], "texture": "#0"}
			}
		},
		{
			"name": "barrel",
			"from": [8.175, 4.175, -3],
			"to": [8.825, 4.825, 9],
			"rotation": {"angle": 0, "axis": "y", "origin": [16, 12, 5]},
			"faces": {
				"north": {"uv": [9, 7.5, 9.5, 8], "texture": "#0"},
				"east": {"uv": [0, 2, 6, 2.5], "texture": "#0"},
				"south": {"uv": [9, 8.5, 9.5, 9], "texture": "#0"},
				"west": {"uv": [0, 2.5, 6, 3], "texture": "#0"},
				"up": {"uv": [0.5, 9, 0, 3], "texture": "#0"},
				"down": {"uv": [1, 3, 0.5, 9], "texture": "#0"}
			}
		},
		{
			"name": "flash hider",
			"from": [8.125, 4.125, -5],
			"to": [8.875, 4.875, -3],
			"rotation": {"angle": 0, "axis": "y", "origin": [16, 12, 3]},
			"faces": {
				"north": {"uv": [1, 9.5, 1.5, 10], "texture": "#0"},
				"east": {"uv": [7.5, 4.5, 8.5, 5], "texture": "#0"},
				"south": {"uv": [1.5, 9.5, 2, 10], "texture": "#0"},
				"west": {"uv": [7.5, 5, 8.5, 5.5], "texture": "#0"},
				"up": {"uv": [8, 6.5, 7.5, 5.5], "texture": "#0"},
				"down": {"uv": [8, 6.5, 7.5, 7.5], "texture": "#0"}
			}
		},
		{
			"name": "gas connector",
			"from": [8.1, 4.1, 0.125],
			"to": [8.9, 5.9, 0.625],
			"rotation": {"angle": 0, "axis": "y", "origin": [16, 12, 8]},
			"faces": {
				"north": {"uv": [2, 8, 2.5, 9], "texture": "#0"},
				"east": {"uv": [2.5, 8, 3, 9], "texture": "#0"},
				"south": {"uv": [8, 8, 8.5, 9], "texture": "#0"},
				"west": {"uv": [8, 0, 8.5, 1], "texture": "#0"},
				"up": {"uv": [2.5, 10, 2, 9.5], "texture": "#0"},
				"down": {"uv": [3, 9.5, 2.5, 10], "texture": "#0"}
			}
		},
		{
			"name": "gas connector",
			"from": [8.3, 5.9, 0.125],
			"to": [8.7, 6.62, 0.625],
			"rotation": {"angle": 0, "axis": "y", "origin": [16, 13.8, 8]},
			"faces": {
				"north": {"uv": [4, 9.5, 4.5, 10], "texture": "#0"},
				"east": {"uv": [4.5, 9.5, 5, 10], "texture": "#0"},
				"south": {"uv": [5, 9.5, 5.5, 10], "texture": "#0"},
				"west": {"uv": [5.5, 9.5, 6, 10], "texture": "#0"},
				"up": {"uv": [6.5, 10, 6, 9.5], "texture": "#0"},
				"down": {"uv": [7, 9.5, 6.5, 10], "texture": "#0"}
			}
		},
		{
			"name": "charging handle",
			"from": [8.825, 5, 7],
			"to": [10.325, 5.5, 7.5],
			"rotation": {"angle": 22.5, "axis": "z", "origin": [8.825, 5.25, 7.25]},
			"faces": {
				"north": {"uv": [8, 1, 9, 1.5], "texture": "#0"},
				"east": {"uv": [7, 9.5, 7.5, 10], "texture": "#0"},
				"south": {"uv": [8, 1.5, 9, 2], "texture": "#0"},
				"west": {"uv": [7.5, 9.5, 8, 10], "texture": "#0"},
				"up": {"uv": [9, 2.5, 8, 2], "texture": "#0"},
				"down": {"uv": [9, 2.5, 8, 3], "texture": "#0"}
			}
		},
		{
			"name": "bottom piece",
			"from": [8, 3, 9],
			"to": [9, 4, 14],
			"rotation": {"angle": 0, "axis": "y", "origin": [16, 10, 17]},
			"faces": {
				"north": {"uv": [8, 9.5, 8.5, 10], "texture": "#0"},
				"east": {"uv": [4, 5, 6.5, 5.5], "texture": "#0"},
				"south": {"uv": [8.5, 9.5, 9, 10], "texture": "#0"},
				"west": {"uv": [4, 5.5, 6.5, 6], "texture": "#0"},
				"up": {"uv": [4.5, 8.5, 4, 6], "texture": "#0"},
				"down": {"uv": [5, 6, 4.5, 8.5], "texture": "#0"}
			}
		},
		{
			"name": "mag well",
			"from": [8.005, 3, 9],
			"to": [8.995, 4, 11],
			"rotation": {"angle": 22.5, "axis": "x", "origin": [8.5, 4, 9]},
			"faces": {
				"north": {"uv": [9.5, 9.5, 10, 10], "texture": "#0"},
				"east": {"uv": [8, 3, 9, 3.5], "texture": "#0"},
				"south": {"uv": [9.5, 0, 10, 0.5], "texture": "#0"},
				"west": {"uv": [8, 3.5, 9, 4], "texture": "#0"},
				"up": {"uv": [8.5, 6.5, 8, 5.5], "texture": "#0"},
				"down": {"uv": [8.5, 6.5, 8, 7.5], "texture": "#0"}
			}
		},
		{
			"name": "grip",
			"from": [8.005, 0, 12.75],
			"to": [8.995, 3, 14],
			"rotation": {"angle": -22.5, "axis": "x", "origin": [8.5, 3, 12.25]},
			"faces": {
				"north": {"uv": [6.5, 5, 7, 6.5], "texture": "#0"},
				"east": {"uv": [7, 5, 7.5, 6.5], "texture": "#0"},
				"south": {"uv": [3, 7.5, 3.5, 9], "texture": "#0"},
				"west": {"uv": [3.5, 7.5, 4, 9], "texture": "#0"},
				"up": {"uv": [10, 1, 9.5, 0.5], "texture": "#0"},
				"down": {"uv": [10, 2, 9.5, 2.5], "texture": "#0"}
			}
		},
		{
			"name": "magazine",
			"from": [8.1, 1, 9.1],
			"to": [8.9, 3, 10.9],
			"rotation": {"angle": 22.5, "axis": "x", "origin": [8.5, 4, 9]},
			"faces": {
				"north": {"uv": [1, 8.5, 1.5, 9.5], "texture": "#0"},
				"east": {"uv": [6.5, 6.5, 7.5, 7.5], "texture": "#0"},
				"south": {"uv": [1.5, 8.5, 2, 9.5], "texture": "#0"},
				"west": {"uv": [6.5, 2, 7.5, 3], "texture": "#0"},
				"up": {"uv": [4.5, 9.5, 4, 8.5], "texture": "#0"},
				"down": {"uv": [5, 8.5, 4.5, 9.5], "texture": "#0"}
			}
		},
		{
			"name": "magazin2",
			"from": [8.105, -0.56945, 7.36382],
			"to": [8.895, 1.43055, 9.16382],
			"rotation": {"angle": 45, "axis": "x", "origin": [8.5, 0.43055, 8.26382]},
			"faces": {
				"north": {"uv": [5, 8.5, 5.5, 9.5], "texture": "#0"},
				"east": {"uv": [6.5, 3, 7.5, 4], "texture": "#0"},
				"south": {"uv": [5.5, 8.5, 6, 9.5], "texture": "#0"},
				"west": {"uv": [6.5, 4, 7.5, 5], "texture": "#0"},
				"up": {"uv": [6.5, 9.5, 6, 8.5], "texture": "#0"},
				"down": {"uv": [9, 8.5, 8.5, 9.5], "texture": "#0"}
			}
		},
		{
			"name": "asthetic 1",
			"from": [8, 4, 15],
			"to": [9, 5.5, 16],
			"rotation": {"angle": 0, "axis": "y", "origin": [16, 12, 23]},
			"faces": {
				"north": {"uv": [8.5, 0, 9, 1], "texture": "#0"},
				"east": {"uv": [8.5, 4, 9, 5], "texture": "#0"},
				"south": {"uv": [8.5, 5, 9, 6], "texture": "#0"},
				"west": {"uv": [8.5, 6, 9, 7], "texture": "#0"},
				"up": {"uv": [10, 3, 9.5, 2.5], "texture": "#0"},
				"down": {"uv": [10, 3, 9.5, 3.5], "texture": "#0"}
			}
		},
		{
			"name": "stock connector",
			"from": [8.1, 4.1, 16],
			"to": [8.9, 4.9, 17.5],
			"rotation": {"angle": 0, "axis": "y", "origin": [16, 12, 22]},
			"faces": {
				"north": {"uv": [9.5, 3.5, 10, 4], "texture": "#0"},
				"east": {"uv": [8, 7.5, 9, 8], "texture": "#0"},
				"south": {"uv": [9.5, 5, 10, 5.5], "texture": "#0"},
				"west": {"uv": [8.5, 7, 9.5, 7.5], "texture": "#0"},
				"up": {"uv": [0.5, 10, 0, 9], "texture": "#0"},
				"down": {"uv": [1, 9, 0.5, 10], "texture": "#0"}
			}
		},
		{
			"name": "stock 1",
			"from": [8.05, 4.05, 17.5],
			"to": [8.95, 4.95, 22.5],
			"rotation": {"angle": 0, "axis": "y", "origin": [16, 12, 25.5]},
			"faces": {
				"north": {"uv": [9.5, 5.5, 10, 6], "texture": "#0"},
				"east": {"uv": [5.5, 0, 8, 0.5], "texture": "#0"},
				"south": {"uv": [9.5, 6, 10, 6.5], "texture": "#0"},
				"west": {"uv": [5.5, 0.5, 8, 1], "texture": "#0"},
				"up": {"uv": [5.5, 8.5, 5, 6], "texture": "#0"},
				"down": {"uv": [6, 6, 5.5, 8.5], "texture": "#0"}
			}
		},
		{
			"name": "stock 3",
			"from": [8.05, 1.95, 22.5],
			"to": [8.95, 4.95, 23.4],
			"rotation": {"angle": 0, "axis": "y", "origin": [8.5, 4.95, 22.5]},
			"faces": {
				"north": {"uv": [6.5, 7.5, 7, 9], "texture": "#0"},
				"east": {"uv": [7, 7.5, 7.5, 9], "texture": "#0"},
				"south": {"uv": [7.5, 7.5, 8, 9], "texture": "#0"},
				"west": {"uv": [7.5, 2, 8, 3.5], "texture": "#0"},
				"up": {"uv": [10, 7, 9.5, 6.5], "texture": "#0"},
				"down": {"uv": [10, 7, 9.5, 7.5], "texture": "#0"}
			}
		},
		{
			"name": "stock 2",
			"from": [8.05, 4.05, 17.5],
			"to": [8.95, 4.95, 22.912],
			"rotation": {"angle": 22.5, "axis": "x", "origin": [8, 4, 17.5]},
			"faces": {
				"north": {"uv": [9.5, 7.5, 10, 8], "texture": "#0"},
				"east": {"uv": [5.5, 1, 8, 1.5], "texture": "#0"},
				"south": {"uv": [9.5, 8, 10, 8.5], "texture": "#0"},
				"west": {"uv": [5.5, 1.5, 8, 2], "texture": "#0"},
				"up": {"uv": [6.5, 8.5, 6, 6], "texture": "#0"},
				"down": {"uv": [6.5, 2, 6, 4.5], "texture": "#0"}
			}
		},
		{
			"name": "base",
			"from": [8.15, 6, 5],
			"to": [8.85, 6.125, 13],
			"rotation": {"angle": 0, "axis": "y", "origin": [16, 14, 13]},
			"faces": {
				"north": {"uv": [9.5, 8.5, 10, 9], "texture": "#0"},
				"east": {"uv": [2, 3, 6, 3.5], "texture": "#0"},
				"south": {"uv": [9.5, 9, 10, 9.5], "texture": "#0"},
				"west": {"uv": [2, 3.5, 6, 4], "texture": "#0"},
				"up": {"uv": [2.5, 8, 2, 4], "texture": "#0"},
				"down": {"uv": [3, 4, 2.5, 8], "texture": "#0"}
			}
		},
		{
			"name": "peg",
			"from": [8.15, 6.125, 5],
			"to": [8.85, 6.25, 5.25],
			"rotation": {"angle": 0, "axis": "y", "origin": [16, 14, 13]},
			"faces": {
				"north": {"uv": [3, 10, 3.5, 10.5], "texture": "#0"},
				"east": {"uv": [3.5, 10, 4, 10.5], "texture": "#0"},
				"south": {"uv": [4, 10, 4.5, 10.5], "texture": "#0"},
				"west": {"uv": [4.5, 10, 5, 10.5], "texture": "#0"},
				"up": {"uv": [5.5, 10.5, 5, 10], "texture": "#0"},
				"down": {"uv": [6, 10, 5.5, 10.5], "texture": "#0"}
			}
		},
		{
			"name": "peg",
			"from": [8.15, 6.125, 5.5],
			"to": [8.85, 6.25, 5.75],
			"rotation": {"angle": 0, "axis": "y", "origin": [16, 14, 13]},
			"faces": {
				"north": {"uv": [6, 10, 6.5, 10.5], "texture": "#0"},
				"east": {"uv": [6.5, 10, 7, 10.5], "texture": "#0"},
				"south": {"uv": [7, 10, 7.5, 10.5], "texture": "#0"},
				"west": {"uv": [7.5, 10, 8, 10.5], "texture": "#0"},
				"up": {"uv": [8.5, 10.5, 8, 10], "texture": "#0"},
				"down": {"uv": [9, 10, 8.5, 10.5], "texture": "#0"}
			}
		},
		{
			"name": "peg",
			"from": [8.15, 6.125, 6],
			"to": [8.85, 6.25, 6.25],
			"rotation": {"angle": 0, "axis": "y", "origin": [16, 14, 13]},
			"faces": {
				"north": {"uv": [9, 10, 9.5, 10.5], "texture": "#0"},
				"east": {"uv": [9.5, 10, 10, 10.5], "texture": "#0"},
				"south": {"uv": [10, 10, 10.5, 10.5], "texture": "#0"},
				"west": {"uv": [10, 0, 10.5, 0.5], "texture": "#0"},
				"up": {"uv": [10.5, 1, 10, 0.5], "texture": "#0"},
				"down": {"uv": [10.5, 1, 10, 1.5], "texture": "#0"}
			}
		},
		{
			"name": "peg",
			"from": [8.15, 6.125, 6.5],
			"to": [8.85, 6.25, 6.75],
			"rotation": {"angle": 0, "axis": "y", "origin": [16, 14, 13]},
			"faces": {
				"north": {"uv": [10, 1.5, 10.5, 2], "texture": "#0"},
				"east": {"uv": [10, 2, 10.5, 2.5], "texture": "#0"},
				"south": {"uv": [10, 2.5, 10.5, 3], "texture": "#0"},
				"west": {"uv": [10, 3, 10.5, 3.5], "texture": "#0"},
				"up": {"uv": [10.5, 4, 10, 3.5], "texture": "#0"},
				"down": {"uv": [10.5, 4, 10, 4.5], "texture": "#0"}
			}
		},
		{
			"name": "peg",
			"from": [8.15, 6.125, 7],
			"to": [8.85, 6.25, 7.25],
			"rotation": {"angle": 0, "axis": "y", "origin": [16, 14, 13]},
			"faces": {
				"north": {"uv": [10, 4.5, 10.5, 5], "texture": "#0"},
				"east": {"uv": [10, 5, 10.5, 5.5], "texture": "#0"},
				"south": {"uv": [10, 5.5, 10.5, 6], "texture": "#0"},
				"west": {"uv": [10, 6, 10.5, 6.5], "texture": "#0"},
				"up": {"uv": [10.5, 7, 10, 6.5], "texture": "#0"},
				"down": {"uv": [10.5, 7, 10, 7.5], "texture": "#0"}
			}
		},
		{
			"name": "peg",
			"from": [8.15, 6.125, 7.5],
			"to": [8.85, 6.25, 7.75],
			"rotation": {"angle": 0, "axis": "y", "origin": [16, 14, 13]},
			"faces": {
				"north": {"uv": [10, 7.5, 10.5, 8], "texture": "#0"},
				"east": {"uv": [10, 8, 10.5, 8.5], "texture": "#0"},
				"south": {"uv": [10, 8.5, 10.5, 9], "texture": "#0"},
				"west": {"uv": [10, 9, 10.5, 9.5], "texture": "#0"},
				"up": {"uv": [10.5, 10, 10, 9.5], "texture": "#0"},
				"down": {"uv": [0.5, 10.5, 0, 11], "texture": "#0"}
			}
		},
		{
			"name": "peg",
			"from": [8.15, 6.125, 8],
			"to": [8.85, 6.25, 8.25],
			"rotation": {"angle": 0, "axis": "y", "origin": [16, 14, 13]},
			"faces": {
				"north": {"uv": [0.5, 10.5, 1, 11], "texture": "#0"},
				"east": {"uv": [1, 10.5, 1.5, 11], "texture": "#0"},
				"south": {"uv": [1.5, 10.5, 2, 11], "texture": "#0"},
				"west": {"uv": [2, 10.5, 2.5, 11], "texture": "#0"},
				"up": {"uv": [3, 11, 2.5, 10.5], "texture": "#0"},
				"down": {"uv": [3.5, 10.5, 3, 11], "texture": "#0"}
			}
		},
		{
			"name": "peg",
			"from": [8.15, 6.125, 8.5],
			"to": [8.85, 6.25, 8.75],
			"rotation": {"angle": 0, "axis": "y", "origin": [16, 14, 13]},
			"faces": {
				"north": {"uv": [3.5, 10.5, 4, 11], "texture": "#0"},
				"east": {"uv": [4, 10.5, 4.5, 11], "texture": "#0"},
				"south": {"uv": [4.5, 10.5, 5, 11], "texture": "#0"},
				"west": {"uv": [5, 10.5, 5.5, 11], "texture": "#0"},
				"up": {"uv": [6, 11, 5.5, 10.5], "texture": "#0"},
				"down": {"uv": [6.5, 10.5, 6, 11], "texture": "#0"}
			}
		},
		{
			"name": "peg",
			"from": [8.15, 6.125, 9],
			"to": [8.85, 6.25, 9.25],
			"rotation": {"angle": 0, "axis": "y", "origin": [16, 14, 13]},
			"faces": {
				"north": {"uv": [6.5, 10.5, 7, 11], "texture": "#0"},
				"east": {"uv": [7, 10.5, 7.5, 11], "texture": "#0"},
				"south": {"uv": [7.5, 10.5, 8, 11], "texture": "#0"},
				"west": {"uv": [8, 10.5, 8.5, 11], "texture": "#0"},
				"up": {"uv": [9, 11, 8.5, 10.5], "texture": "#0"},
				"down": {"uv": [9.5, 10.5, 9, 11], "texture": "#0"}
			}
		},
		{
			"name": "peg",
			"from": [8.15, 6.125, 9.5],
			"to": [8.85, 6.25, 9.75],
			"rotation": {"angle": 0, "axis": "y", "origin": [16, 14, 13]},
			"faces": {
				"north": {"uv": [9.5, 10.5, 10, 11], "texture": "#0"},
				"east": {"uv": [10, 10.5, 10.5, 11], "texture": "#0"},
				"south": {"uv": [10.5, 10.5, 11, 11], "texture": "#0"},
				"west": {"uv": [10.5, 0, 11, 0.5], "texture": "#0"},
				"up": {"uv": [11, 1, 10.5, 0.5], "texture": "#0"},
				"down": {"uv": [11, 1, 10.5, 1.5], "texture": "#0"}
			}
		},
		{
			"name": "peg",
			"from": [8.15, 6.125, 10],
			"to": [8.85, 6.25, 10.25],
			"rotation": {"angle": 0, "axis": "y", "origin": [16, 14, 13]},
			"faces": {
				"north": {"uv": [10.5, 1.5, 11, 2], "texture": "#0"},
				"east": {"uv": [10.5, 2, 11, 2.5], "texture": "#0"},
				"south": {"uv": [10.5, 2.5, 11, 3], "texture": "#0"},
				"west": {"uv": [10.5, 3, 11, 3.5], "texture": "#0"},
				"up": {"uv": [11, 4, 10.5, 3.5], "texture": "#0"},
				"down": {"uv": [11, 4, 10.5, 4.5], "texture": "#0"}
			}
		},
		{
			"name": "peg",
			"from": [8.15, 6.125, 11.5],
			"to": [8.85, 6.25, 11.75],
			"rotation": {"angle": 0, "axis": "y", "origin": [16, 14, 13]},
			"faces": {
				"north": {"uv": [0, 11, 0.5, 11.5], "texture": "#0"},
				"east": {"uv": [0.5, 11, 1, 11.5], "texture": "#0"},
				"south": {"uv": [1, 11, 1.5, 11.5], "texture": "#0"},
				"west": {"uv": [1.5, 11, 2, 11.5], "texture": "#0"},
				"up": {"uv": [2.5, 11.5, 2, 11], "texture": "#0"},
				"down": {"uv": [3, 11, 2.5, 11.5], "texture": "#0"}
			}
		},
		{
			"name": "peg",
			"from": [8.15, 6.125, 12],
			"to": [8.85, 6.25, 12.25],
			"rotation": {"angle": 0, "axis": "y", "origin": [16, 14, 13]},
			"faces": {
				"north": {"uv": [3, 11, 3.5, 11.5], "texture": "#0"},
				"east": {"uv": [3.5, 11, 4, 11.5], "texture": "#0"},
				"south": {"uv": [4, 11, 4.5, 11.5], "texture": "#0"},
				"west": {"uv": [4.5, 11, 5, 11.5], "texture": "#0"},
				"up": {"uv": [5.5, 11.5, 5, 11], "texture": "#0"},
				"down": {"uv": [6, 11, 5.5, 11.5], "texture": "#0"}
			}
		},
		{
			"name": "peg",
			"from": [8.15, 6.125, 12.5],
			"to": [8.85, 6.25, 12.75],
			"rotation": {"angle": 0, "axis": "y", "origin": [16, 14, 13]},
			"faces": {
				"north": {"uv": [6, 11, 6.5, 11.5], "texture": "#0"},
				"east": {"uv": [6.5, 11, 7, 11.5], "texture": "#0"},
				"south": {"uv": [7, 11, 7.5, 11.5], "texture": "#0"},
				"west": {"uv": [7.5, 11, 8, 11.5], "texture": "#0"},
				"up": {"uv": [8.5, 11.5, 8, 11], "texture": "#0"},
				"down": {"uv": [9, 11, 8.5, 11.5], "texture": "#0"}
			}
		},
		{
			"name": "rear sight base",
			"from": [8, 6, 14],
			"to": [9, 6.125, 15],
			"rotation": {"angle": 0, "axis": "y", "origin": [16, 14, 22]},
			"faces": {
				"north": {"uv": [9, 11, 9.5, 11.5], "texture": "#0"},
				"east": {"uv": [9.5, 11, 10, 11.5], "texture": "#0"},
				"south": {"uv": [10, 11, 10.5, 11.5], "texture": "#0"},
				"west": {"uv": [10.5, 11, 11, 11.5], "texture": "#0"},
				"up": {"uv": [11.5, 11.5, 11, 11], "texture": "#0"},
				"down": {"uv": [11.5, 0, 11, 0.5], "texture": "#0"}
			}
		},
		{
			"name": "rear sight left",
			"from": [8, 6.125, 14],
			"to": [8.125, 7, 15],
			"rotation": {"angle": 0, "axis": "y", "origin": [16, 14, 22]},
			"faces": {
				"north": {"uv": [11, 0.5, 11.5, 1], "texture": "#0"},
				"east": {"uv": [11, 1, 11.5, 1.5], "texture": "#0"},
				"south": {"uv": [11, 1.5, 11.5, 2], "texture": "#0"},
				"west": {"uv": [11, 2, 11.5, 2.5], "texture": "#0"},
				"up": {"uv": [11.5, 3, 11, 2.5], "texture": "#0"},
				"down": {"uv": [11.5, 3, 11, 3.5], "texture": "#0"}
			}
		},
		{
			"name": "rear sight right",
			"from": [8.875, 6.125, 14],
			"to": [9, 7, 15],
			"rotation": {"angle": 0, "axis": "y", "origin": [17.875, 14, 22]},
			"faces": {
				"north": {"uv": [11, 3.5, 11.5, 4], "texture": "#0"},
				"east": {"uv": [11, 4, 11.5, 4.5], "texture": "#0"},
				"south": {"uv": [11, 4.5, 11.5, 5], "texture": "#0"},
				"west": {"uv": [11, 5, 11.5, 5.5], "texture": "#0"},
				"up": {"uv": [11.5, 6, 11, 5.5], "texture": "#0"},
				"down": {"uv": [11.5, 6, 11, 6.5], "texture": "#0"}
			}
		},
		{
			"name": "rear sight center",
			"from": [8.3125, 6.125, 14],
			"to": [8.6875, 6.625, 14.25],
			"rotation": {"angle": 0, "axis": "y", "origin": [17.875, 14, 22]},
			"faces": {
				"north": {"uv": [11, 6.5, 11.5, 7], "texture": "#0"},
				"east": {"uv": [11, 7, 11.5, 7.5], "texture": "#0"},
				"south": {"uv": [11, 7.5, 11.5, 8], "texture": "#0"},
				"west": {"uv": [11, 8, 11.5, 8.5], "texture": "#0"},
				"up": {"uv": [11.5, 9, 11, 8.5], "texture": "#0"},
				"down": {"uv": [11.5, 9, 11, 9.5], "texture": "#0"}
			}
		},
		{
			"name": "attachment point",
			"from": [8.1, 6, 10.325],
			"to": [8.9, 6.4, 11.575],
			"rotation": {"angle": 0, "axis": "y", "origin": [16, 14, 13]},
			"faces": {
				"north": {"uv": [11, 9.5, 11.5, 10], "texture": "#0"},
				"east": {"uv": [11, 10, 11.5, 10.5], "texture": "#0"},
				"south": {"uv": [11, 10.5, 11.5, 11], "texture": "#0"},
				"west": {"uv": [0, 11.5, 0.5, 12], "texture": "#0"},
				"up": {"uv": [1, 12, 0.5, 11.5], "texture": "#0"},
				"down": {"uv": [1.5, 11.5, 1, 12], "texture": "#0"}
			}
		},
		{
			"name": "scope 1",
			"from": [8.1, 6.8, 9.8],
			"to": [8.9, 6.9, 12.05],
			"rotation": {"angle": 0, "axis": "y", "origin": [16, 14, 13]},
			"faces": {
				"north": {"uv": [1.5, 11.5, 2, 12], "texture": "#0"},
				"east": {"uv": [8.5, 8, 9.5, 8.5], "texture": "#0"},
				"south": {"uv": [2, 11.5, 2.5, 12], "texture": "#0"},
				"west": {"uv": [2, 9, 3, 9.5], "texture": "#0"},
				"up": {"uv": [3.5, 10, 3, 9], "texture": "#0"},
				"down": {"uv": [4, 9, 3.5, 10], "texture": "#0"}
			}
		},
		{
			"name": "scope 2",
			"from": [8.1, 7.5, 9.8],
			"to": [8.9, 7.6, 12.05],
			"rotation": {"angle": 0, "axis": "y", "origin": [16, 14, 13]},
			"faces": {
				"north": {"uv": [2.5, 11.5, 3, 12], "texture": "#0"},
				"east": {"uv": [6.5, 9, 7.5, 9.5], "texture": "#0"},
				"south": {"uv": [3, 11.5, 3.5, 12], "texture": "#0"},
				"west": {"uv": [7.5, 9, 8.5, 9.5], "texture": "#0"},
				"up": {"uv": [9.5, 10, 9, 9], "texture": "#0"},
				"down": {"uv": [9.5, 0, 9, 1], "texture": "#0"}
			}
		},
		{
			"name": "scope 3",
			"from": [8.1, 6.8, 9.8],
			"to": [8.2, 7.6, 12.05],
			"rotation": {"angle": 0, "axis": "y", "origin": [16, 14, 13]},
			"faces": {
				"north": {"uv": [3.5, 11.5, 4, 12], "texture": "#0"},
				"east": {"uv": [9, 1, 10, 1.5], "texture": "#0"},
				"south": {"uv": [4, 11.5, 4.5, 12], "texture": "#0"},
				"west": {"uv": [9, 1.5, 10, 2], "texture": "#0"},
				"up": {"uv": [9.5, 3, 9, 2], "texture": "#0"},
				"down": {"uv": [9.5, 3, 9, 4], "texture": "#0"}
			}
		},
		{
			"name": "scope 4",
			"from": [8.8, 6.8, 9.8],
			"to": [8.9, 7.6, 12.05],
			"rotation": {"angle": 0, "axis": "y", "origin": [16, 14, 13]},
			"faces": {
				"north": {"uv": [4.5, 11.5, 5, 12], "texture": "#0"},
				"east": {"uv": [9, 4, 10, 4.5], "texture": "#0"},
				"south": {"uv": [5, 11.5, 5.5, 12], "texture": "#0"},
				"west": {"uv": [9, 4.5, 10, 5], "texture": "#0"},
				"up": {"uv": [9.5, 6, 9, 5], "texture": "#0"},
				"down": {"uv": [9.5, 6, 9, 7], "texture": "#0"}
			}
		},
		{
			"name": "red dot",
			"from": [8.45, 7.15, 11.8],
			"to": [8.55, 7.25, 11.9],
			"rotation": {"angle": 0, "axis": "y", "origin": [16, 14, 13]},
			"faces": {
				"north": {"uv": [5.5, 11.5, 6, 12], "texture": "#0"},
				"east": {"uv": [6, 11.5, 6.5, 12], "texture": "#0"},
				"south": {"uv": [6.5, 11.5, 7, 12], "texture": "#0"},
				"west": {"uv": [7, 11.5, 7.5, 12], "texture": "#0"},
				"up": {"uv": [8, 12, 7.5, 11.5], "texture": "#0"},
				"down": {"uv": [8.5, 11.5, 8, 12], "texture": "#0"}
			}
		},
		{
			"name": "pylon",
			"from": [8.3, 6.4, 10.55],
			"to": [8.7, 6.8, 11.35],
			"rotation": {"angle": 0, "axis": "y", "origin": [16, 14, 13]},
			"faces": {
				"north": {"uv": [8.5, 11.5, 9, 12], "texture": "#0"},
				"east": {"uv": [9, 11.5, 9.5, 12], "texture": "#0"},
				"south": {"uv": [9.5, 11.5, 10, 12], "texture": "#0"},
				"west": {"uv": [10, 11.5, 10.5, 12], "texture": "#0"},
				"up": {"uv": [11, 12, 10.5, 11.5], "texture": "#0"},
				"down": {"uv": [11.5, 11.5, 11, 12], "texture": "#0"}
			}
		}
	],
	"gui_light": "front",
	"display": {
		"thirdperson_righthand": {
			"translation": [-1, 4.125, -2.25],
			"scale": [0.85, 0.85, 0.85]
		},
		"thirdperson_lefthand": {
			"rotation": [99, 0, 0],
			"translation": [0, -1.75, 2.5],
			"scale": [0.85, 0.85, 0.85]
		},
		"firstperson_righthand": {
			"rotation": [18, 17, 7],
			"translation": [-1.25, 4.75, 3],
			"scale": [0.68, 0.68, 0.68]
		},
		"firstperson_lefthand": {
			"rotation": [18, -28, 0],
			"translation": [0.5, 4.25, 3],
			"scale": [0.68, 0.68, 0.68]
		},
		"ground": {
			"rotation": [-18, 0, 0],
			"translation": [0, 4.75, 0]
		},
		"gui": {
			"rotation": [90, 45, -90],
			"translation": [0.75, 2.75, 0],
			"scale": [0.7, 0.7, 0.7]
		},
		"fixed": {
			"rotation": [90, 48, -90],
			"translation": [1.25, 3.75, -0.25],
			"scale": [0.9, 0.9, 0.9]
		}
	},
	"groups": [
		{
			"name": "gun frame",
			"origin": [16, 12, 21],
			"children": [0, 1, 2, 3, 4, 5, 6,
				{
					"name": "lower reciever",
					"origin": [16, 12, 21],
					"children": [7, 8, 9, 10, 11]
				},
				{
					"name": "stock",
					"origin": [8, 8, 8],
					"children": [12, 13, 14, 15, 16]
				},
				{
					"name": "picatinny rail",
					"origin": [16, 12, 21],
					"children": [17, 18, 19, 20, 21, 22, 23, 24, 25, 26, 27, 28, 29, 30, 31]
				},
				{
					"name": "rear sight",
					"origin": [16, 12, 21],
					"children": [32, 33, 34, 35]
				},
				{
					"name": "red dot",
					"origin": [16, 12, 21],
					"children": [36, 37, 38, 39, 40, 41, 42]
				}
			]
		}
	]
}
